{
    "epoch": 8.0,
    "eval_accuracy": 0.26249998807907104,
    "eval_loss": 1.4006751775741577,
    "eval_runtime": 1.0242,
    "eval_samples": 482,
    "eval_samples_per_second": 470.623,
    "eval_steps_per_second": 59.56
}