{
    "epoch": 5.0,
    "eval_accuracy": 0.22727273404598236,
    "eval_loss": 1.4993876218795776,
    "eval_runtime": 0.3716,
    "eval_samples": 180,
    "eval_samples_per_second": 484.354,
    "eval_steps_per_second": 61.89
}