{
    "epoch": 4.0,
    "eval_accuracy": 0.2150000035762787,
    "eval_loss": 1.9432721138000488,
    "eval_runtime": 0.4281,
    "eval_samples": 201,
    "eval_samples_per_second": 469.512,
    "eval_steps_per_second": 60.733,
    "total_flos": 200684964151296.0,
    "train_loss": 2.096569220225016,
    "train_runtime": 17.9528,
    "train_samples": 803,
    "train_samples_per_second": 447.285,
    "train_steps_per_second": 6.684
}