{
    "epoch": 5.0,
    "eval_accuracy": 0.2232142835855484,
    "eval_loss": 1.9070968627929688,
    "eval_runtime": 0.2407,
    "eval_samples": 118,
    "eval_samples_per_second": 490.251,
    "eval_steps_per_second": 62.32
}