{
    "epoch": 10.0,
    "eval_accuracy": 0.2321428507566452,
    "eval_loss": 1.8723009824752808,
    "eval_runtime": 0.2407,
    "eval_samples": 118,
    "eval_samples_per_second": 490.293,
    "eval_steps_per_second": 62.325
}