{
    "epoch": 9.0,
    "eval_accuracy": 0.5152027010917664,
    "eval_loss": 1.1351280212402344,
    "eval_runtime": 3.7859,
    "eval_samples": 1777,
    "eval_samples_per_second": 469.375,
    "eval_steps_per_second": 58.903
}