{
    "epoch": 4.0,
    "eval_accuracy": 0.2232142835855484,
    "eval_loss": 1.9296964406967163,
    "eval_runtime": 0.2407,
    "eval_samples": 118,
    "eval_samples_per_second": 490.147,
    "eval_steps_per_second": 62.307,
    "total_flos": 117070456946688.0,
    "train_loss": 2.0782008852277483,
    "train_runtime": 10.5663,
    "train_samples": 470,
    "train_samples_per_second": 444.811,
    "train_steps_per_second": 6.625
}