{
    "epoch": 9.0,
    "eval_accuracy": 0.4345000088214874,
    "eval_loss": 1.047058343887329,
    "eval_runtime": 4.2772,
    "eval_samples": 2000,
    "eval_samples_per_second": 467.6,
    "eval_steps_per_second": 58.45,
    "total_flos": 4703383977984000.0,
    "train_loss": 1.0740989447699654,
    "train_runtime": 410.6835,
    "train_samples": 8000,
    "train_samples_per_second": 194.797,
    "train_steps_per_second": 3.044
}