{
    "epoch": 9.0,
    "eval_accuracy": 0.4345000088214874,
    "eval_loss": 1.047058343887329,
    "eval_runtime": 4.2772,
    "eval_samples": 2000,
    "eval_samples_per_second": 467.6,
    "eval_steps_per_second": 58.45
}