{
    "epoch": 7.0,
    "eval_accuracy": 0.4588963985443115,
    "eval_loss": 1.178206443786621,
    "eval_runtime": 3.8029,
    "eval_samples": 1777,
    "eval_samples_per_second": 467.279,
    "eval_steps_per_second": 58.64,
    "total_flos": 3248470534127616.0,
    "train_loss": 0.9963395402238175,
    "train_runtime": 283.8002,
    "train_samples": 7107,
    "train_samples_per_second": 250.423,
    "train_steps_per_second": 3.911
}