{
    "epoch": 8.0,
    "eval_accuracy": 0.3011363744735718,
    "eval_loss": 1.40352201461792,
    "eval_runtime": 0.3719,
    "eval_samples": 180,
    "eval_samples_per_second": 483.942,
    "eval_steps_per_second": 61.837,
    "total_flos": 367912468611072.0,
    "train_loss": 1.53703481500799,
    "train_runtime": 32.4503,
    "train_samples": 720,
    "train_samples_per_second": 221.878,
    "train_steps_per_second": 3.39
}