{
    "epoch": 8.0,
    "eval_accuracy": 0.3011363744735718,
    "eval_loss": 1.40352201461792,
    "eval_runtime": 0.3719,
    "eval_samples": 180,
    "eval_samples_per_second": 483.942,
    "eval_steps_per_second": 61.837
}