{
    "epoch": 8.0,
    "eval_accuracy": 0.2321428507566452,
    "eval_loss": 1.8778531551361084,
    "eval_runtime": 0.2403,
    "eval_samples": 118,
    "eval_samples_per_second": 491.016,
    "eval_steps_per_second": 62.417,
    "total_flos": 234140913893376.0,
    "train_loss": 1.9932005746023995,
    "train_runtime": 20.7885,
    "train_samples": 470,
    "train_samples_per_second": 226.086,
    "train_steps_per_second": 3.367
}