{
    "epoch": 9.0,
    "eval_accuracy": 0.5152027010917664,
    "eval_loss": 1.1351280212402344,
    "eval_runtime": 3.7859,
    "eval_samples": 1777,
    "eval_samples_per_second": 469.375,
    "eval_steps_per_second": 58.903,
    "total_flos": 4176604972449792.0,
    "train_loss": 0.9443480345579955,
    "train_runtime": 364.618,
    "train_samples": 7107,
    "train_samples_per_second": 194.916,
    "train_steps_per_second": 3.044
}