{
    "epoch": 7.0,
    "eval_accuracy": 0.43918919563293457,
    "eval_loss": 1.0266811847686768,
    "eval_runtime": 3.7838,
    "eval_samples": 1777,
    "eval_samples_per_second": 469.636,
    "eval_steps_per_second": 58.936
}