{
    "epoch": 6.0,
    "eval_accuracy": 0.09850993007421494,
    "eval_loss": 2.3174591064453125,
    "eval_runtime": 2.5763,
    "eval_samples": 1213,
    "eval_samples_per_second": 470.836,
    "eval_steps_per_second": 59.0
}