{
    "epoch": 6.0,
    "eval_accuracy": 0.09354304522275925,
    "eval_loss": 2.319253921508789,
    "eval_runtime": 2.5705,
    "eval_samples": 1213,
    "eval_samples_per_second": 471.891,
    "eval_steps_per_second": 59.132
}