{
    "epoch": 6.0,
    "eval_accuracy": 0.2670454680919647,
    "eval_loss": 1.4302564859390259,
    "eval_runtime": 0.375,
    "eval_samples": 180,
    "eval_samples_per_second": 479.987,
    "eval_steps_per_second": 61.332,
    "total_flos": 275934351458304.0,
    "train_loss": 1.5382330923369436,
    "train_runtime": 24.45,
    "train_samples": 720,
    "train_samples_per_second": 294.479,
    "train_steps_per_second": 4.499
}