{
    "epoch": 4.0,
    "eval_accuracy": 0.1785714328289032,
    "eval_loss": 1.8778687715530396,
    "eval_runtime": 0.2417,
    "eval_samples": 118,
    "eval_samples_per_second": 488.219,
    "eval_steps_per_second": 62.062
}