{
    "epoch": 4.0,
    "eval_accuracy": 0.2150000035762787,
    "eval_loss": 1.9583271741867065,
    "eval_runtime": 0.4293,
    "eval_samples": 201,
    "eval_samples_per_second": 468.181,
    "eval_steps_per_second": 60.561
}