{
    "epoch": 5.0,
    "eval_accuracy": 0.2767857015132904,
    "eval_loss": 1.9392060041427612,
    "eval_runtime": 0.2412,
    "eval_samples": 118,
    "eval_samples_per_second": 489.206,
    "eval_steps_per_second": 62.187
}