{
    "epoch": 4.0,
    "eval_accuracy": 0.2150000035762787,
    "eval_loss": 1.8602349758148193,
    "eval_runtime": 0.4275,
    "eval_samples": 201,
    "eval_samples_per_second": 470.228,
    "eval_steps_per_second": 60.826
}