{
    "epoch": 4.0,
    "eval_accuracy": 0.2321428507566452,
    "eval_loss": 1.9051035642623901,
    "eval_runtime": 0.2405,
    "eval_samples": 118,
    "eval_samples_per_second": 490.724,
    "eval_steps_per_second": 62.38,
    "total_flos": 117070456946688.0,
    "train_loss": 2.2550789969308034,
    "train_runtime": 10.5739,
    "train_samples": 470,
    "train_samples_per_second": 444.491,
    "train_steps_per_second": 6.62
}