{
    "epoch": 6.0,
    "eval_accuracy": 0.09354304522275925,
    "eval_loss": 2.319491386413574,
    "eval_runtime": 2.5773,
    "eval_samples": 1213,
    "eval_samples_per_second": 470.639,
    "eval_steps_per_second": 58.975
}