{
    "epoch": 8.0,
    "eval_accuracy": 0.1964285671710968,
    "eval_loss": 1.4102600812911987,
    "eval_runtime": 0.2401,
    "eval_samples": 116,
    "eval_samples_per_second": 483.189,
    "eval_steps_per_second": 62.481
}