{
    "epoch": 8.0,
    "eval_accuracy": 0.46650001406669617,
    "eval_loss": 1.0872013568878174,
    "eval_runtime": 4.255,
    "eval_samples": 2000,
    "eval_samples_per_second": 470.03,
    "eval_steps_per_second": 58.754,
    "total_flos": 4180785758208000.0,
    "train_loss": 1.0518516540527343,
    "train_runtime": 364.9353,
    "train_samples": 8000,
    "train_samples_per_second": 219.217,
    "train_steps_per_second": 3.425
}