{
    "epoch": 7.0,
    "eval_accuracy": 0.2678571343421936,
    "eval_loss": 1.3794678449630737,
    "eval_runtime": 0.2406,
    "eval_samples": 117,
    "eval_samples_per_second": 486.199,
    "eval_steps_per_second": 62.333,
    "total_flos": 204860351840256.0,
    "train_loss": 1.7018498011997767,
    "train_runtime": 18.2414,
    "train_samples": 468,
    "train_samples_per_second": 256.559,
    "train_steps_per_second": 3.837
}