{
    "epoch": 5.0,
    "eval_accuracy": 0.2150000035762787,
    "eval_loss": 1.884289264678955,
    "eval_runtime": 0.4276,
    "eval_samples": 201,
    "eval_samples_per_second": 470.041,
    "eval_steps_per_second": 60.801,
    "total_flos": 250856205189120.0,
    "train_loss": 2.0459122975667317,
    "train_runtime": 22.326,
    "train_samples": 803,
    "train_samples_per_second": 359.671,
    "train_steps_per_second": 5.375
}