{
    "epoch": 4.0,
    "eval_accuracy": 0.2150000035762787,
    "eval_loss": 1.9517805576324463,
    "eval_runtime": 0.4293,
    "eval_samples": 201,
    "eval_samples_per_second": 468.153,
    "eval_steps_per_second": 60.557,
    "total_flos": 200684964151296.0,
    "train_loss": 2.0542945861816406,
    "train_runtime": 17.9463,
    "train_samples": 803,
    "train_samples_per_second": 447.447,
    "train_steps_per_second": 6.687
}