{
    "epoch": 4.0,
    "eval_accuracy": 0.2150000035762787,
    "eval_loss": 1.9465112686157227,
    "eval_runtime": 0.4285,
    "eval_samples": 201,
    "eval_samples_per_second": 469.083,
    "eval_steps_per_second": 60.677
}