{
    "epoch": 7.0,
    "eval_accuracy": 0.4555180072784424,
    "eval_loss": 1.0325813293457031,
    "eval_runtime": 3.7846,
    "eval_samples": 1777,
    "eval_samples_per_second": 469.53,
    "eval_steps_per_second": 58.922,
    "total_flos": 3248470534127616.0,
    "train_loss": 1.0409104041611366,
    "train_runtime": 283.8212,
    "train_samples": 7107,
    "train_samples_per_second": 250.404,
    "train_steps_per_second": 3.911
}