{
    "epoch": 4.0,
    "eval_accuracy": 0.24375000596046448,
    "eval_loss": 1.4627525806427002,
    "eval_runtime": 1.0262,
    "eval_samples": 482,
    "eval_samples_per_second": 469.704,
    "eval_steps_per_second": 59.444
}