{
    "epoch": 7.0,
    "eval_accuracy": 0.3214285671710968,
    "eval_loss": 1.3646694421768188,
    "eval_runtime": 0.2416,
    "eval_samples": 117,
    "eval_samples_per_second": 484.202,
    "eval_steps_per_second": 62.077,
    "total_flos": 204860351840256.0,
    "train_loss": 1.6802533208107462,
    "train_runtime": 18.2652,
    "train_samples": 468,
    "train_samples_per_second": 256.226,
    "train_steps_per_second": 3.832
}