{
    "epoch": 4.0,
    "eval_accuracy": 0.24375000596046448,
    "eval_loss": 1.4683390855789185,
    "eval_runtime": 1.0285,
    "eval_samples": 482,
    "eval_samples_per_second": 468.644,
    "eval_steps_per_second": 59.31
}