{
    "epoch": 9.0,
    "eval_accuracy": 0.48029279708862305,
    "eval_loss": 1.2317264080047607,
    "eval_runtime": 3.7853,
    "eval_samples": 1777,
    "eval_samples_per_second": 469.443,
    "eval_steps_per_second": 58.912
}