{
    "epoch": 10.0,
    "eval_accuracy": 0.8050000071525574,
    "eval_loss": 0.6790533661842346,
    "eval_runtime": 0.4285,
    "eval_samples": 201,
    "eval_samples_per_second": 469.081,
    "eval_steps_per_second": 60.677
}