{
    "epoch": 4.0,
    "eval_accuracy": 0.2150000035762787,
    "eval_loss": 1.9465112686157227,
    "eval_runtime": 0.4285,
    "eval_samples": 201,
    "eval_samples_per_second": 469.083,
    "eval_steps_per_second": 60.677,
    "total_flos": 200684964151296.0,
    "train_loss": 2.0672151247660318,
    "train_runtime": 17.9375,
    "train_samples": 803,
    "train_samples_per_second": 447.667,
    "train_steps_per_second": 6.69
}