{
    "epoch": 7.0,
    "eval_accuracy": 0.4320000112056732,
    "eval_loss": 1.560299038887024,
    "eval_runtime": 4.2611,
    "eval_samples": 2000,
    "eval_samples_per_second": 469.364,
    "eval_steps_per_second": 58.671,
    "total_flos": 3658187538432000.0,
    "train_loss": 0.9521246861049107,
    "train_runtime": 319.8066,
    "train_samples": 8000,
    "train_samples_per_second": 250.151,
    "train_steps_per_second": 3.909
}