{
    "epoch": 7.0,
    "eval_accuracy": 0.4320000112056732,
    "eval_loss": 1.560299038887024,
    "eval_runtime": 4.2611,
    "eval_samples": 2000,
    "eval_samples_per_second": 469.364,
    "eval_steps_per_second": 58.671
}