{
    "epoch": 4.0,
    "eval_accuracy": 0.2321428507566452,
    "eval_loss": 1.875432014465332,
    "eval_runtime": 0.2404,
    "eval_samples": 118,
    "eval_samples_per_second": 490.752,
    "eval_steps_per_second": 62.384
}