{
    "epoch": 5.0,
    "eval_accuracy": 0.23295454680919647,
    "eval_loss": 1.604509711265564,
    "eval_runtime": 0.3713,
    "eval_samples": 180,
    "eval_samples_per_second": 484.797,
    "eval_steps_per_second": 61.946,
    "total_flos": 229945292881920.0,
    "train_loss": 1.576897499778054,
    "train_runtime": 20.4052,
    "train_samples": 720,
    "train_samples_per_second": 352.851,
    "train_steps_per_second": 5.391
}