{
    "epoch": 4.0,
    "eval_accuracy": 0.24375000596046448,
    "eval_loss": 1.4683390855789185,
    "eval_runtime": 1.0285,
    "eval_samples": 482,
    "eval_samples_per_second": 468.644,
    "eval_steps_per_second": 59.31,
    "total_flos": 501703350681600.0,
    "train_loss": 1.5176634470621744,
    "train_runtime": 44.2422,
    "train_samples": 1927,
    "train_samples_per_second": 435.557,
    "train_steps_per_second": 6.781
}