{
    "epoch": 10.0,
    "eval_accuracy": 0.12831126153469086,
    "eval_loss": 2.2905099391937256,
    "eval_runtime": 2.5709,
    "eval_samples": 1213,
    "eval_samples_per_second": 471.81,
    "eval_steps_per_second": 59.122,
    "total_flos": 3135787499520000.0,
    "train_loss": 2.3227220052083335,
    "train_runtime": 274.0932,
    "train_samples": 4848,
    "train_samples_per_second": 176.874,
    "train_steps_per_second": 2.736
}