{
    "epoch": 8.0,
    "eval_accuracy": 0.26249998807907104,
    "eval_loss": 1.4006751775741577,
    "eval_runtime": 1.0242,
    "eval_samples": 482,
    "eval_samples_per_second": 470.623,
    "eval_steps_per_second": 59.56,
    "total_flos": 1003406701363200.0,
    "train_loss": 1.4566349029541015,
    "train_runtime": 87.9336,
    "train_samples": 1927,
    "train_samples_per_second": 219.143,
    "train_steps_per_second": 3.412
}