{
    "epoch": 4.0,
    "eval_accuracy": 0.1964285671710968,
    "eval_loss": 1.4049192667007446,
    "eval_runtime": 0.2401,
    "eval_samples": 117,
    "eval_samples_per_second": 487.351,
    "eval_steps_per_second": 62.481
}