{
    "epoch": 6.0,
    "eval_accuracy": 0.09354304522275925,
    "eval_loss": 2.321803331375122,
    "eval_runtime": 2.5719,
    "eval_samples": 1213,
    "eval_samples_per_second": 471.639,
    "eval_steps_per_second": 59.101
}