{
    "epoch": 4.0,
    "eval_accuracy": 0.2150000035762787,
    "eval_loss": 1.8602349758148193,
    "eval_runtime": 0.4275,
    "eval_samples": 201,
    "eval_samples_per_second": 470.228,
    "eval_steps_per_second": 60.826,
    "total_flos": 200684964151296.0,
    "train_loss": 2.1127527554829917,
    "train_runtime": 17.9371,
    "train_samples": 803,
    "train_samples_per_second": 447.675,
    "train_steps_per_second": 6.69
}