{
    "epoch": 9.0,
    "eval_accuracy": 0.43950000405311584,
    "eval_loss": 1.0682224035263062,
    "eval_runtime": 4.2611,
    "eval_samples": 2000,
    "eval_samples_per_second": 469.367,
    "eval_steps_per_second": 58.671,
    "total_flos": 4703383977984000.0,
    "train_loss": 1.054652350531684,
    "train_runtime": 410.7004,
    "train_samples": 8000,
    "train_samples_per_second": 194.789,
    "train_steps_per_second": 3.044
}