{
    "epoch": 4.0,
    "eval_accuracy": 0.2232142835855484,
    "eval_loss": 1.8874233961105347,
    "eval_runtime": 0.2412,
    "eval_samples": 118,
    "eval_samples_per_second": 489.194,
    "eval_steps_per_second": 62.186
}