{
    "epoch": 4.0,
    "eval_accuracy": 0.1964285671710968,
    "eval_loss": 1.4049192667007446,
    "eval_runtime": 0.2401,
    "eval_samples": 117,
    "eval_samples_per_second": 487.351,
    "eval_steps_per_second": 62.481,
    "total_flos": 117063058194432.0,
    "train_loss": 1.8731772559029716,
    "train_runtime": 10.5765,
    "train_samples": 468,
    "train_samples_per_second": 442.489,
    "train_steps_per_second": 6.618
}