{
    "epoch": 10.0,
    "eval_accuracy": 0.4515765905380249,
    "eval_loss": 1.0937384366989136,
    "eval_runtime": 3.7826,
    "eval_samples": 1777,
    "eval_samples_per_second": 469.779,
    "eval_steps_per_second": 58.954
}