{
    "epoch": 7.0,
    "eval_accuracy": 0.2670454680919647,
    "eval_loss": 1.5237891674041748,
    "eval_runtime": 0.3756,
    "eval_samples": 180,
    "eval_samples_per_second": 479.253,
    "eval_steps_per_second": 61.238,
    "total_flos": 321923410034688.0,
    "train_loss": 1.542048367587003,
    "train_runtime": 28.4622,
    "train_samples": 720,
    "train_samples_per_second": 252.967,
    "train_steps_per_second": 3.865
}