{
    "epoch": 7.0,
    "eval_accuracy": 0.24166665971279144,
    "eval_loss": 1.3905795812606812,
    "eval_runtime": 1.0212,
    "eval_samples": 482,
    "eval_samples_per_second": 471.995,
    "eval_steps_per_second": 59.734,
    "total_flos": 877980863692800.0,
    "train_loss": 1.454936726888021,
    "train_runtime": 76.9059,
    "train_samples": 1927,
    "train_samples_per_second": 250.566,
    "train_steps_per_second": 3.901
}