{
    "epoch": 8.0,
    "eval_accuracy": 0.45249998569488525,
    "eval_loss": 1.3599190711975098,
    "eval_runtime": 4.2556,
    "eval_samples": 2000,
    "eval_samples_per_second": 469.965,
    "eval_steps_per_second": 58.746
}