{
    "epoch": 10.0,
    "eval_accuracy": 0.7450000047683716,
    "eval_loss": 1.0130306482315063,
    "eval_runtime": 0.4285,
    "eval_samples": 201,
    "eval_samples_per_second": 469.05,
    "eval_steps_per_second": 60.673
}