{
    "epoch": 10.0,
    "eval_accuracy": 0.49662160873413086,
    "eval_loss": 1.0653880834579468,
    "eval_runtime": 3.7727,
    "eval_samples": 1777,
    "eval_samples_per_second": 471.02,
    "eval_steps_per_second": 59.109
}