{
    "epoch": 9.0,
    "eval_accuracy": 0.4429999887943268,
    "eval_loss": 1.373092532157898,
    "eval_runtime": 4.2562,
    "eval_samples": 2000,
    "eval_samples_per_second": 469.907,
    "eval_steps_per_second": 58.738
}