{
    "epoch": 4.0,
    "eval_accuracy": 0.2150000035762787,
    "eval_loss": 1.9318958520889282,
    "eval_runtime": 0.4289,
    "eval_samples": 201,
    "eval_samples_per_second": 468.654,
    "eval_steps_per_second": 60.622,
    "total_flos": 200684964151296.0,
    "train_loss": 2.1149446169535318,
    "train_runtime": 17.9263,
    "train_samples": 803,
    "train_samples_per_second": 447.946,
    "train_steps_per_second": 6.694
}