{
    "epoch": 4.0,
    "eval_accuracy": 0.2150000035762787,
    "eval_loss": 1.9318958520889282,
    "eval_runtime": 0.4289,
    "eval_samples": 201,
    "eval_samples_per_second": 468.654,
    "eval_steps_per_second": 60.622
}