{
    "epoch": 10.0,
    "eval_accuracy": 0.5163288116455078,
    "eval_loss": 1.044876217842102,
    "eval_runtime": 3.7914,
    "eval_samples": 1777,
    "eval_samples_per_second": 468.697,
    "eval_steps_per_second": 58.818,
    "total_flos": 4640672191610880.0,
    "train_loss": 1.0275497161590301,
    "train_runtime": 405.3526,
    "train_samples": 7107,
    "train_samples_per_second": 175.329,
    "train_steps_per_second": 2.738
}