{
    "epoch": 8.0,
    "eval_accuracy": 0.1964285671710968,
    "eval_loss": 1.3750919103622437,
    "eval_runtime": 0.2418,
    "eval_samples": 116,
    "eval_samples_per_second": 479.794,
    "eval_steps_per_second": 62.042
}