{
    "epoch": 8.0,
    "eval_accuracy": 0.45249998569488525,
    "eval_loss": 1.3599190711975098,
    "eval_runtime": 4.2556,
    "eval_samples": 2000,
    "eval_samples_per_second": 469.965,
    "eval_steps_per_second": 58.746,
    "total_flos": 4180785758208000.0,
    "train_loss": 0.9764253540039063,
    "train_runtime": 364.8812,
    "train_samples": 8000,
    "train_samples_per_second": 219.249,
    "train_steps_per_second": 3.426
}