{
    "epoch": 10.0,
    "eval_accuracy": 0.7599999904632568,
    "eval_loss": 0.8335006833076477,
    "eval_runtime": 0.4285,
    "eval_samples": 201,
    "eval_samples_per_second": 469.073,
    "eval_steps_per_second": 60.676,
    "total_flos": 501712410378240.0,
    "train_loss": 1.2367902119954428,
    "train_runtime": 44.3141,
    "train_samples": 803,
    "train_samples_per_second": 181.206,
    "train_steps_per_second": 2.708
}