{
    "epoch": 6.0,
    "eval_accuracy": 0.24791666865348816,
    "eval_loss": 1.431139588356018,
    "eval_runtime": 1.0246,
    "eval_samples": 482,
    "eval_samples_per_second": 470.447,
    "eval_steps_per_second": 59.538
}