{
    "epoch": 5.0,
    "eval_accuracy": 0.22159090638160706,
    "eval_loss": 1.487995982170105,
    "eval_runtime": 0.3732,
    "eval_samples": 180,
    "eval_samples_per_second": 482.32,
    "eval_steps_per_second": 61.63
}