{
    "epoch": 4.0,
    "eval_accuracy": 0.2321428507566452,
    "eval_loss": 1.905588150024414,
    "eval_runtime": 0.2405,
    "eval_samples": 118,
    "eval_samples_per_second": 490.719,
    "eval_steps_per_second": 62.38,
    "total_flos": 117070456946688.0,
    "train_loss": 2.187969616481236,
    "train_runtime": 10.5655,
    "train_samples": 470,
    "train_samples_per_second": 444.845,
    "train_steps_per_second": 6.625
}