{
    "epoch": 7.0,
    "eval_accuracy": 0.3214285671710968,
    "eval_loss": 1.3646694421768188,
    "eval_runtime": 0.2416,
    "eval_samples": 117,
    "eval_samples_per_second": 484.202,
    "eval_steps_per_second": 62.077
}