{
    "epoch": 6.0,
    "eval_accuracy": 0.09354304522275925,
    "eval_loss": 2.321803331375122,
    "eval_runtime": 2.5719,
    "eval_samples": 1213,
    "eval_samples_per_second": 471.639,
    "eval_steps_per_second": 59.101,
    "total_flos": 1881472499712000.0,
    "train_loss": 2.3440898980034723,
    "train_runtime": 164.6715,
    "train_samples": 4848,
    "train_samples_per_second": 294.404,
    "train_steps_per_second": 4.555
}