{
    "epoch": 9.0,
    "eval_accuracy": 0.10678807646036148,
    "eval_loss": 2.3028478622436523,
    "eval_runtime": 2.582,
    "eval_samples": 1213,
    "eval_samples_per_second": 469.789,
    "eval_steps_per_second": 58.869
}