{
    "epoch": 7.0,
    "eval_accuracy": 0.24791666865348816,
    "eval_loss": 1.398919701576233,
    "eval_runtime": 1.0222,
    "eval_samples": 482,
    "eval_samples_per_second": 471.547,
    "eval_steps_per_second": 59.677,
    "total_flos": 877980863692800.0,
    "train_loss": 1.469743419828869,
    "train_runtime": 77.1336,
    "train_samples": 1927,
    "train_samples_per_second": 249.826,
    "train_steps_per_second": 3.889
}