{
    "epoch": 6.0,
    "eval_accuracy": 0.09354304522275925,
    "eval_loss": 2.319253921508789,
    "eval_runtime": 2.5705,
    "eval_samples": 1213,
    "eval_samples_per_second": 471.891,
    "eval_steps_per_second": 59.132,
    "total_flos": 1881472499712000.0,
    "train_loss": 2.3449183485243057,
    "train_runtime": 164.6506,
    "train_samples": 4848,
    "train_samples_per_second": 294.442,
    "train_steps_per_second": 4.555
}