{
    "epoch": 8.0,
    "eval_accuracy": 0.46650001406669617,
    "eval_loss": 1.0872013568878174,
    "eval_runtime": 4.255,
    "eval_samples": 2000,
    "eval_samples_per_second": 470.03,
    "eval_steps_per_second": 58.754
}