{
    "epoch": 8.0,
    "eval_accuracy": 0.4679054021835327,
    "eval_loss": 1.049959659576416,
    "eval_runtime": 3.7783,
    "eval_samples": 1777,
    "eval_samples_per_second": 470.312,
    "eval_steps_per_second": 59.021
}