{
    "epoch": 5.0,
    "eval_accuracy": 0.23295454680919647,
    "eval_loss": 1.5014981031417847,
    "eval_runtime": 0.3763,
    "eval_samples": 180,
    "eval_samples_per_second": 478.353,
    "eval_steps_per_second": 61.123,
    "total_flos": 229945292881920.0,
    "train_loss": 1.6521188909357245,
    "train_runtime": 20.4194,
    "train_samples": 720,
    "train_samples_per_second": 352.605,
    "train_steps_per_second": 5.387
}