{
    "epoch": 10.0,
    "eval_accuracy": 0.3571428656578064,
    "eval_loss": 1.316421627998352,
    "eval_runtime": 0.2411,
    "eval_samples": 116,
    "eval_samples_per_second": 481.039,
    "eval_steps_per_second": 62.203
}