{
    "epoch": 7.0,
    "eval_accuracy": 0.24583333730697632,
    "eval_loss": 1.3945938348770142,
    "eval_runtime": 1.0271,
    "eval_samples": 482,
    "eval_samples_per_second": 469.295,
    "eval_steps_per_second": 59.392
}