{
    "epoch": 7.0,
    "eval_accuracy": 0.25208333134651184,
    "eval_loss": 1.4014413356781006,
    "eval_runtime": 1.0275,
    "eval_samples": 482,
    "eval_samples_per_second": 469.097,
    "eval_steps_per_second": 59.367,
    "total_flos": 877980863692800.0,
    "train_loss": 1.4714236304873511,
    "train_runtime": 76.9914,
    "train_samples": 1927,
    "train_samples_per_second": 250.288,
    "train_steps_per_second": 3.897
}