{
    "epoch": 10.0,
    "eval_accuracy": 0.25833332538604736,
    "eval_loss": 1.3862448930740356,
    "eval_runtime": 1.023,
    "eval_samples": 482,
    "eval_samples_per_second": 471.147,
    "eval_steps_per_second": 59.626,
    "total_flos": 1254258376704000.0,
    "train_loss": 1.442533671061198,
    "train_runtime": 109.7619,
    "train_samples": 1927,
    "train_samples_per_second": 175.562,
    "train_steps_per_second": 2.733
}